epoch,c1_accuracy,c1_loss,c2_accuracy,c2_loss,c3_accuracy,c3_loss,c4_accuracy,c4_loss,loss,val_c1_accuracy,val_c1_loss,val_c2_accuracy,val_c2_loss,val_c3_accuracy,val_c3_loss,val_c4_accuracy,val_c4_loss,val_loss
0,0.039039038,5.266252,0.028028028,5.4163675,0.04004004,5.2883563,0.039039038,5.2719045,21.261899125229967,0.0,3.5838819,0.06,3.5829024,0.04,3.5832038,0.02,3.5836077,14.333501434326172
0,0.057057057,4.245724,0.076076075,4.06759,0.056056056,4.255213,0.07107107,4.096796,16.634849945465486,0.05,3.5838206,0.06,3.5830684,0.04,3.5827847,0.02,3.5832393,14.332701301574707
